natural*01,natural*02,natural*03,natural*04,natural*05,natural*06,natural*07,natural*08,natural*09,unnatural*01,unnatural*02,unnatural*03,unnatural*04,unnatural*05,unnatural*06,unnatural*07,unnatural*08,unnatural*09
-1.1920928955078125e-07,0.0,2.980232238769531e-07,1.1920928955078125e-07,2.384185791015625e-07,-1.1920928955078125e-07,-1.1920928955078125e-07,0.0,2.980232238769531e-07,0.0,0.0,-1.1920928955078125e-07,-1.1920928955078125e-07,4.172325134277344e-07,5.960464477539063e-08,5.960464477539063e-08,-1.1920928955078125e-07,4.76837158203125e-07
-1.1920928955078125e-07,0.0,2.980232238769531e-07,1.1920928955078125e-07,2.384185791015625e-07,-1.1920928955078125e-07,-1.1920928955078125e-07,0.0,2.980232238769531e-07,0.0,0.0,-1.1920928955078125e-07,-1.1920928955078125e-07,4.172325134277344e-07,5.960464477539063e-08,5.960464477539063e-08,-1.1920928955078125e-07,4.76837158203125e-07
-1.1920928955078125e-07,0.0,2.980232238769531e-07,1.1920928955078125e-07,2.384185791015625e-07,-1.1920928955078125e-07,-1.1920928955078125e-07,0.0,2.980232238769531e-07,0.0,0.0,-1.1920928955078125e-07,-1.1920928955078125e-07,4.172325134277344e-07,5.960464477539063e-08,5.960464477539063e-08,-1.1920928955078125e-07,4.76837158203125e-07
-1.1920928955078125e-07,0.0,2.980232238769531e-07,1.1920928955078125e-07,2.384185791015625e-07,-1.1920928955078125e-07,-1.1920928955078125e-07,0.0,2.980232238769531e-07,0.0,0.0,-1.1920928955078125e-07,-1.1920928955078125e-07,4.172325134277344e-07,5.960464477539063e-08,5.960464477539063e-08,-1.1920928955078125e-07,4.76837158203125e-07
-1.1920928955078125e-07,0.0,2.980232238769531e-07,1.1920928955078125e-07,2.384185791015625e-07,-1.1920928955078125e-07,-1.1920928955078125e-07,0.0,2.980232238769531e-07,0.0,0.0,-1.1920928955078125e-07,-1.1920928955078125e-07,4.172325134277344e-07,5.960464477539063e-08,5.960464477539063e-08,-1.1920928955078125e-07,4.76837158203125e-07
-1.1920928955078125e-07,0.0,2.980232238769531e-07,1.1920928955078125e-07,2.384185791015625e-07,-1.1920928955078125e-07,-1.1920928955078125e-07,0.0,2.980232238769531e-07,0.0,0.0,-1.1920928955078125e-07,-1.1920928955078125e-07,4.172325134277344e-07,5.960464477539063e-08,5.960464477539063e-08,-1.1920928955078125e-07,4.76837158203125e-07
-1.1920928955078125e-07,0.0,2.980232238769531e-07,1.1920928955078125e-07,2.384185791015625e-07,-1.1920928955078125e-07,-1.1920928955078125e-07,0.0,2.980232238769531e-07,0.0,0.0,-1.1920928955078125e-07,-1.1920928955078125e-07,4.172325134277344e-07,5.960464477539063e-08,5.960464477539063e-08,-1.1920928955078125e-07,4.76837158203125e-07
-1.1920928955078125e-07,0.0,2.980232238769531e-07,1.1920928955078125e-07,2.384185791015625e-07,-1.1920928955078125e-07,-1.1920928955078125e-07,0.0,2.980232238769531e-07,0.0,0.0,-1.1920928955078125e-07,-1.1920928955078125e-07,4.172325134277344e-07,5.960464477539063e-08,5.960464477539063e-08,-1.1920928955078125e-07,4.76837158203125e-07
-1.1920928955078125e-07,0.0,2.980232238769531e-07,1.1920928955078125e-07,2.384185791015625e-07,-1.1920928955078125e-07,-1.1920928955078125e-07,0.0,2.980232238769531e-07,0.0,0.0,-1.1920928955078125e-07,-1.1920928955078125e-07,4.172325134277344e-07,5.960464477539063e-08,5.960464477539063e-08,-1.1920928955078125e-07,4.76837158203125e-07
-1.1920928955078125e-07,0.0,2.980232238769531e-07,1.1920928955078125e-07,2.384185791015625e-07,-1.1920928955078125e-07,-1.1920928955078125e-07,0.0,2.980232238769531e-07,0.0,0.0,-1.1920928955078125e-07,-1.1920928955078125e-07,4.172325134277344e-07,5.960464477539063e-08,5.960464477539063e-08,-1.1920928955078125e-07,4.76837158203125e-07
-1.1920928955078125e-07,0.0,2.980232238769531e-07,1.1920928955078125e-07,2.384185791015625e-07,-1.1920928955078125e-07,-1.1920928955078125e-07,0.0,2.980232238769531e-07,0.0,0.0,-1.1920928955078125e-07,-1.1920928955078125e-07,4.172325134277344e-07,5.960464477539063e-08,5.960464477539063e-08,-1.1920928955078125e-07,4.76837158203125e-07
-1.1920928955078125e-07,0.0,2.980232238769531e-07,1.1920928955078125e-07,2.384185791015625e-07,-1.1920928955078125e-07,-1.1920928955078125e-07,0.0,2.980232238769531e-07,0.0,0.0,-1.1920928955078125e-07,-1.1920928955078125e-07,4.172325134277344e-07,5.960464477539063e-08,5.960464477539063e-08,-1.1920928955078125e-07,4.76837158203125e-07
-1.1920928955078125e-07,0.0,2.980232238769531e-07,1.1920928955078125e-07,2.384185791015625e-07,-1.1920928955078125e-07,-1.1920928955078125e-07,0.0,2.980232238769531e-07,0.0,0.0,-1.1920928955078125e-07,-1.1920928955078125e-07,4.172325134277344e-07,5.960464477539063e-08,5.960464477539063e-08,-1.1920928955078125e-07,4.76837158203125e-07
-1.1920928955078125e-07,0.0,2.980232238769531e-07,1.1920928955078125e-07,2.384185791015625e-07,-1.1920928955078125e-07,-1.1920928955078125e-07,0.0,2.980232238769531e-07,0.0,0.0,-1.1920928955078125e-07,-1.1920928955078125e-07,4.172325134277344e-07,5.960464477539063e-08,5.960464477539063e-08,-1.1920928955078125e-07,4.76837158203125e-07
-1.1920928955078125e-07,0.0,2.980232238769531e-07,1.1920928955078125e-07,2.384185791015625e-07,-1.1920928955078125e-07,-1.1920928955078125e-07,0.0,2.980232238769531e-07,0.0,0.0,-1.1920928955078125e-07,-1.1920928955078125e-07,4.172325134277344e-07,5.960464477539063e-08,5.960464477539063e-08,-1.1920928955078125e-07,4.76837158203125e-07
-1.1920928955078125e-07,0.0,2.980232238769531e-07,1.1920928955078125e-07,2.384185791015625e-07,-1.1920928955078125e-07,-1.1920928955078125e-07,0.0,2.980232238769531e-07,0.0,0.0,-1.1920928955078125e-07,-1.1920928955078125e-07,4.172325134277344e-07,5.960464477539063e-08,5.960464477539063e-08,-1.1920928955078125e-07,4.76837158203125e-07
-1.1920928955078125e-07,0.0,2.980232238769531e-07,1.1920928955078125e-07,2.384185791015625e-07,-1.1920928955078125e-07,-1.1920928955078125e-07,0.0,2.980232238769531e-07,0.0,0.0,-1.1920928955078125e-07,-1.1920928955078125e-07,4.172325134277344e-07,5.960464477539063e-08,5.960464477539063e-08,-1.1920928955078125e-07,4.76837158203125e-07
-1.1920928955078125e-07,0.0,2.980232238769531e-07,1.1920928955078125e-07,2.384185791015625e-07,-1.1920928955078125e-07,-1.1920928955078125e-07,0.0,2.980232238769531e-07,0.0,0.0,-1.1920928955078125e-07,-1.1920928955078125e-07,4.172325134277344e-07,5.960464477539063e-08,5.960464477539063e-08,-1.1920928955078125e-07,4.76837158203125e-07
-1.1920928955078125e-07,0.0,2.980232238769531e-07,1.1920928955078125e-07,2.384185791015625e-07,-1.1920928955078125e-07,-1.1920928955078125e-07,0.0,2.980232238769531e-07,0.0,0.0,-1.1920928955078125e-07,-1.1920928955078125e-07,4.172325134277344e-07,5.960464477539063e-08,5.960464477539063e-08,-1.1920928955078125e-07,4.76837158203125e-07
-1.1920928955078125e-07,0.0,2.980232238769531e-07,1.1920928955078125e-07,2.384185791015625e-07,-1.1920928955078125e-07,-1.1920928955078125e-07,0.0,2.980232238769531e-07,0.0,0.0,-1.1920928955078125e-07,-1.1920928955078125e-07,4.172325134277344e-07,5.960464477539063e-08,5.960464477539063e-08,-1.1920928955078125e-07,4.76837158203125e-07
-1.1920928955078125e-07,0.0,2.980232238769531e-07,1.1920928955078125e-07,2.384185791015625e-07,-1.1920928955078125e-07,-1.1920928955078125e-07,0.0,2.980232238769531e-07,0.0,0.0,-1.1920928955078125e-07,-1.1920928955078125e-07,4.172325134277344e-07,5.960464477539063e-08,5.960464477539063e-08,-1.1920928955078125e-07,4.76837158203125e-07
-1.1920928955078125e-07,0.0,2.980232238769531e-07,1.1920928955078125e-07,2.384185791015625e-07,-1.1920928955078125e-07,-1.1920928955078125e-07,0.0,2.980232238769531e-07,0.0,0.0,-1.1920928955078125e-07,-1.1920928955078125e-07,4.172325134277344e-07,5.960464477539063e-08,5.960464477539063e-08,-1.1920928955078125e-07,4.76837158203125e-07
-1.1920928955078125e-07,0.0,2.980232238769531e-07,1.1920928955078125e-07,2.384185791015625e-07,-1.1920928955078125e-07,-1.1920928955078125e-07,0.0,2.980232238769531e-07,0.0,0.0,-1.1920928955078125e-07,-1.1920928955078125e-07,4.172325134277344e-07,5.960464477539063e-08,5.960464477539063e-08,-1.1920928955078125e-07,4.76837158203125e-07
-1.1920928955078125e-07,0.0,2.980232238769531e-07,1.1920928955078125e-07,2.384185791015625e-07,-1.1920928955078125e-07,-1.1920928955078125e-07,0.0,2.980232238769531e-07,0.0,0.0,-1.1920928955078125e-07,-1.1920928955078125e-07,4.172325134277344e-07,5.960464477539063e-08,5.960464477539063e-08,-1.1920928955078125e-07,4.76837158203125e-07
-1.1920928955078125e-07,0.0,2.980232238769531e-07,1.1920928955078125e-07,2.384185791015625e-07,-1.1920928955078125e-07,-1.1920928955078125e-07,0.0,2.980232238769531e-07,0.0,0.0,-1.1920928955078125e-07,-1.1920928955078125e-07,4.172325134277344e-07,5.960464477539063e-08,5.960464477539063e-08,-1.1920928955078125e-07,4.76837158203125e-07
-1.1920928955078125e-07,0.0,2.980232238769531e-07,1.1920928955078125e-07,2.384185791015625e-07,-1.1920928955078125e-07,-1.1920928955078125e-07,0.0,2.980232238769531e-07,0.0,0.0,-1.1920928955078125e-07,-1.1920928955078125e-07,4.172325134277344e-07,5.960464477539063e-08,5.960464477539063e-08,-1.1920928955078125e-07,4.76837158203125e-07
-1.1920928955078125e-07,0.0,2.980232238769531e-07,1.1920928955078125e-07,2.384185791015625e-07,-1.1920928955078125e-07,-1.1920928955078125e-07,0.0,2.980232238769531e-07,0.0,0.0,-1.1920928955078125e-07,-1.1920928955078125e-07,4.172325134277344e-07,5.960464477539063e-08,5.960464477539063e-08,-1.1920928955078125e-07,4.76837158203125e-07
-1.1920928955078125e-07,0.0,2.980232238769531e-07,1.1920928955078125e-07,2.384185791015625e-07,-1.1920928955078125e-07,-1.1920928955078125e-07,0.0,2.980232238769531e-07,0.0,0.0,-1.1920928955078125e-07,-1.1920928955078125e-07,4.172325134277344e-07,5.960464477539063e-08,5.960464477539063e-08,-1.1920928955078125e-07,4.76837158203125e-07
-1.1920928955078125e-07,0.0,2.980232238769531e-07,1.1920928955078125e-07,2.384185791015625e-07,-1.1920928955078125e-07,-1.1920928955078125e-07,0.0,2.980232238769531e-07,0.0,0.0,-1.1920928955078125e-07,-1.1920928955078125e-07,4.172325134277344e-07,5.960464477539063e-08,5.960464477539063e-08,-1.1920928955078125e-07,4.76837158203125e-07
-1.1920928955078125e-07,0.0,2.980232238769531e-07,1.1920928955078125e-07,2.384185791015625e-07,-1.1920928955078125e-07,-1.1920928955078125e-07,0.0,2.980232238769531e-07,0.0,0.0,-1.1920928955078125e-07,-1.1920928955078125e-07,4.172325134277344e-07,5.960464477539063e-08,5.960464477539063e-08,-1.1920928955078125e-07,4.76837158203125e-07
-1.1920928955078125e-07,0.0,2.980232238769531e-07,1.1920928955078125e-07,2.384185791015625e-07,-1.1920928955078125e-07,-1.1920928955078125e-07,0.0,2.980232238769531e-07,0.0,0.0,-1.1920928955078125e-07,-1.1920928955078125e-07,4.172325134277344e-07,5.960464477539063e-08,5.960464477539063e-08,-1.1920928955078125e-07,4.76837158203125e-07
-1.1920928955078125e-07,0.0,2.980232238769531e-07,1.1920928955078125e-07,2.384185791015625e-07,-1.1920928955078125e-07,-1.1920928955078125e-07,0.0,2.980232238769531e-07,0.0,0.0,-1.1920928955078125e-07,-1.1920928955078125e-07,4.172325134277344e-07,5.960464477539063e-08,5.960464477539063e-08,-1.1920928955078125e-07,4.76837158203125e-07
-1.1920928955078125e-07,0.0,2.980232238769531e-07,1.1920928955078125e-07,2.384185791015625e-07,-1.1920928955078125e-07,-1.1920928955078125e-07,0.0,2.980232238769531e-07,0.0,0.0,-1.1920928955078125e-07,-1.1920928955078125e-07,4.172325134277344e-07,5.960464477539063e-08,5.960464477539063e-08,-1.1920928955078125e-07,4.76837158203125e-07
-1.1920928955078125e-07,0.0,2.980232238769531e-07,1.1920928955078125e-07,2.384185791015625e-07,-1.1920928955078125e-07,-1.1920928955078125e-07,0.0,2.980232238769531e-07,0.0,0.0,-1.1920928955078125e-07,-1.1920928955078125e-07,4.172325134277344e-07,5.960464477539063e-08,5.960464477539063e-08,-1.1920928955078125e-07,4.76837158203125e-07
0.00037384033203125,2.2590160369873047e-05,0.00013005733489990234,4.887580871582031e-06,3.6954879760742188e-06,3.075599670410156e-05,1.33514404296875e-05,0.0002834200859069824,9.834766387939453e-06,0.0005603432655334473,4.410743713378906e-05,0.00012576580047607422,1.1086463928222656e-05,8.046627044677734e-06,0.00018167495727539062,2.002716064453125e-05,0.00023823976516723633,2.2351741790771484e-05
0.00037384033203125,2.2590160369873047e-05,0.00013005733489990234,4.887580871582031e-06,3.6954879760742188e-06,3.075599670410156e-05,1.33514404296875e-05,0.0002834200859069824,9.834766387939453e-06,0.0005603432655334473,4.410743713378906e-05,0.00012576580047607422,1.1086463928222656e-05,8.046627044677734e-06,0.00018167495727539062,2.002716064453125e-05,0.00023823976516723633,2.2351741790771484e-05
0.00037384033203125,2.2590160369873047e-05,0.00013005733489990234,4.887580871582031e-06,3.6954879760742188e-06,3.075599670410156e-05,1.33514404296875e-05,0.0002834200859069824,9.834766387939453e-06,0.0005603432655334473,4.410743713378906e-05,0.00012576580047607422,1.1086463928222656e-05,8.046627044677734e-06,0.00018167495727539062,2.002716064453125e-05,0.00023823976516723633,2.2351741790771484e-05
0.00037384033203125,2.2590160369873047e-05,0.00013005733489990234,4.887580871582031e-06,3.6954879760742188e-06,3.075599670410156e-05,1.33514404296875e-05,0.0002834200859069824,9.834766387939453e-06,0.0005603432655334473,4.410743713378906e-05,0.00012576580047607422,1.1086463928222656e-05,8.046627044677734e-06,0.00018167495727539062,2.002716064453125e-05,0.00023823976516723633,2.2351741790771484e-05
0.00037384033203125,2.2590160369873047e-05,0.00013005733489990234,4.887580871582031e-06,3.6954879760742188e-06,3.075599670410156e-05,1.33514404296875e-05,0.0002834200859069824,9.834766387939453e-06,0.0005603432655334473,4.410743713378906e-05,0.00012576580047607422,1.1086463928222656e-05,8.046627044677734e-06,0.00018167495727539062,2.002716064453125e-05,0.00023823976516723633,2.2351741790771484e-05
0.00037384033203125,2.2590160369873047e-05,0.00013005733489990234,4.887580871582031e-06,3.6954879760742188e-06,3.075599670410156e-05,1.33514404296875e-05,0.0002834200859069824,9.834766387939453e-06,0.0005603432655334473,4.410743713378906e-05,0.00012576580047607422,1.1086463928222656e-05,8.046627044677734e-06,0.00018167495727539062,2.002716064453125e-05,0.00023823976516723633,2.2351741790771484e-05
0.00037384033203125,2.2590160369873047e-05,0.00013005733489990234,4.887580871582031e-06,3.6954879760742188e-06,3.075599670410156e-05,1.33514404296875e-05,0.0002834200859069824,9.834766387939453e-06,0.0005603432655334473,4.410743713378906e-05,0.00012576580047607422,1.1086463928222656e-05,8.046627044677734e-06,0.00018167495727539062,2.002716064453125e-05,0.00023823976516723633,2.2351741790771484e-05
0.00037384033203125,2.2590160369873047e-05,0.00013005733489990234,4.887580871582031e-06,3.6954879760742188e-06,3.075599670410156e-05,1.33514404296875e-05,0.0002834200859069824,9.834766387939453e-06,0.0005603432655334473,4.410743713378906e-05,0.00012576580047607422,1.1086463928222656e-05,8.046627044677734e-06,0.00018167495727539062,2.002716064453125e-05,0.00023823976516723633,2.2351741790771484e-05
0.00037384033203125,2.2590160369873047e-05,0.00013005733489990234,4.887580871582031e-06,3.6954879760742188e-06,3.075599670410156e-05,1.33514404296875e-05,0.0002834200859069824,9.834766387939453e-06,0.0005603432655334473,4.410743713378906e-05,0.00012576580047607422,1.1086463928222656e-05,8.046627044677734e-06,0.00018167495727539062,2.002716064453125e-05,0.00023823976516723633,2.2351741790771484e-05
0.00037384033203125,2.2590160369873047e-05,0.00013005733489990234,4.887580871582031e-06,3.6954879760742188e-06,3.075599670410156e-05,1.33514404296875e-05,0.0002834200859069824,9.834766387939453e-06,0.0005603432655334473,4.410743713378906e-05,0.00012576580047607422,1.1086463928222656e-05,8.046627044677734e-06,0.00018167495727539062,2.002716064453125e-05,0.00023823976516723633,2.2351741790771484e-05
0.0013510584831237793,0.0005328655242919922,0.000824272632598877,0.00010883808135986328,0.0002741813659667969,0.00036150217056274414,0.0005270838737487793,0.0013985037803649902,0.00041174888610839844,0.001502394676208496,0.0005982518196105957,0.0005893707275390625,0.0002968907356262207,0.00042134523391723633,0.001870274543762207,0.0004661679267883301,0.0010368824005126953,0.0003383159637451172
0.0013510584831237793,0.0005328655242919922,0.000824272632598877,0.00010883808135986328,0.0002741813659667969,0.00036150217056274414,0.0005270838737487793,0.0013985037803649902,0.00041174888610839844,0.001502394676208496,0.0005982518196105957,0.0005893707275390625,0.0002968907356262207,0.00042134523391723633,0.001870274543762207,0.0004661679267883301,0.0010368824005126953,0.0003383159637451172
0.0013510584831237793,0.0005328655242919922,0.000824272632598877,0.00010883808135986328,0.0002741813659667969,0.00036150217056274414,0.0005270838737487793,0.0013985037803649902,0.00041174888610839844,0.001502394676208496,0.0005982518196105957,0.0005893707275390625,0.0002968907356262207,0.00042134523391723633,0.001870274543762207,0.0004661679267883301,0.0010368824005126953,0.0003383159637451172
0.0013510584831237793,0.0005328655242919922,0.000824272632598877,0.00010883808135986328,0.0002741813659667969,0.00036150217056274414,0.0005270838737487793,0.0013985037803649902,0.00041174888610839844,0.001502394676208496,0.0005982518196105957,0.0005893707275390625,0.0002968907356262207,0.00042134523391723633,0.001870274543762207,0.0004661679267883301,0.0010368824005126953,0.0003383159637451172
0.0013510584831237793,0.0005328655242919922,0.000824272632598877,0.00010883808135986328,0.0002741813659667969,0.00036150217056274414,0.0005270838737487793,0.0013985037803649902,0.00041174888610839844,0.001502394676208496,0.0005982518196105957,0.0005893707275390625,0.0002968907356262207,0.00042134523391723633,0.001870274543762207,0.0004661679267883301,0.0010368824005126953,0.0003383159637451172
0.0028179287910461426,0.0008375644683837891,0.0015358328819274902,0.000728607177734375,0.00046539306640625,0.0009183883666992188,0.001018524169921875,0.0026336312294006348,0.0015453100204467773,0.0026818513870239258,0.0016078948974609375,0.0011521577835083008,0.0008089542388916016,0.000760197639465332,0.0034419894218444824,0.0012645721435546875,0.002119123935699463,0.0016919374465942383
0.0028179287910461426,0.0008375644683837891,0.0015358328819274902,0.000728607177734375,0.00046539306640625,0.0009183883666992188,0.001018524169921875,0.0026336312294006348,0.0015453100204467773,0.0026818513870239258,0.0016078948974609375,0.0011521577835083008,0.0008089542388916016,0.000760197639465332,0.0034419894218444824,0.0012645721435546875,0.002119123935699463,0.0016919374465942383
0.0028179287910461426,0.0008375644683837891,0.0015358328819274902,0.000728607177734375,0.00046539306640625,0.0009183883666992188,0.001018524169921875,0.0026336312294006348,0.0015453100204467773,0.0026818513870239258,0.0016078948974609375,0.0011521577835083008,0.0008089542388916016,0.000760197639465332,0.0034419894218444824,0.0012645721435546875,0.002119123935699463,0.0016919374465942383
0.0028179287910461426,0.0008375644683837891,0.0015358328819274902,0.000728607177734375,0.00046539306640625,0.0009183883666992188,0.001018524169921875,0.0026336312294006348,0.0015453100204467773,0.0026818513870239258,0.0016078948974609375,0.0011521577835083008,0.0008089542388916016,0.000760197639465332,0.0034419894218444824,0.0012645721435546875,0.002119123935699463,0.0016919374465942383
0.004028022289276123,0.0013827681541442871,0.0025014877319335938,0.0020787715911865234,0.0007420182228088379,0.00129777193069458,0.0019541382789611816,0.004155755043029785,0.0027803778648376465,0.004278659820556641,0.0033537745475769043,0.0016187429428100586,0.0014514923095703125,0.001295924186706543,0.00525432825088501,0.0028226375579833984,0.0038993358612060547,0.0033080577850341797
0.004028022289276123,0.0013827681541442871,0.0025014877319335938,0.0020787715911865234,0.0007420182228088379,0.00129777193069458,0.0019541382789611816,0.004155755043029785,0.0027803778648376465,0.004278659820556641,0.0033537745475769043,0.0016187429428100586,0.0014514923095703125,0.001295924186706543,0.00525432825088501,0.0028226375579833984,0.0038993358612060547,0.0033080577850341797
0.004028022289276123,0.0013827681541442871,0.0025014877319335938,0.0020787715911865234,0.0007420182228088379,0.00129777193069458,0.0019541382789611816,0.004155755043029785,0.0027803778648376465,0.004278659820556641,0.0033537745475769043,0.0016187429428100586,0.0014514923095703125,0.001295924186706543,0.00525432825088501,0.0028226375579833984,0.0038993358612060547,0.0033080577850341797
0.005725085735321045,0.002611875534057617,0.004292011260986328,0.004173755645751953,0.0013942122459411621,0.0019675493240356445,0.0028374791145324707,0.005996823310852051,0.004948973655700684,0.006214022636413574,0.005244851112365723,0.002794623374938965,0.0021843910217285156,0.0018483400344848633,0.008181214332580566,0.0044942498207092285,0.005737185478210449,0.004548847675323486
0.005725085735321045,0.002611875534057617,0.004292011260986328,0.004173755645751953,0.0013942122459411621,0.0019675493240356445,0.0028374791145324707,0.005996823310852051,0.004948973655700684,0.006214022636413574,0.005244851112365723,0.002794623374938965,0.0021843910217285156,0.0018483400344848633,0.008181214332580566,0.0044942498207092285,0.005737185478210449,0.004548847675323486
0.0073708295822143555,0.003375709056854248,0.0054964423179626465,0.00695037841796875,0.002253234386444092,0.0031423568725585938,0.004120290279388428,0.008655548095703125,0.007181406021118164,0.008243441581726074,0.0069075822830200195,0.0037497282028198242,0.0033484697341918945,0.0029648542404174805,0.01081383228302002,0.006937921047210693,0.007908999919891357,0.006334245204925537
0.0073708295822143555,0.003375709056854248,0.0054964423179626465,0.00695037841796875,0.002253234386444092,0.0031423568725585938,0.004120290279388428,0.008655548095703125,0.007181406021118164,0.008243441581726074,0.0069075822830200195,0.0037497282028198242,0.0033484697341918945,0.0029648542404174805,0.01081383228302002,0.006937921047210693,0.007908999919891357,0.006334245204925537
0.0073708295822143555,0.003375709056854248,0.0054964423179626465,0.00695037841796875,0.002253234386444092,0.0031423568725585938,0.004120290279388428,0.008655548095703125,0.007181406021118164,0.008243441581726074,0.0069075822830200195,0.0037497282028198242,0.0033484697341918945,0.0029648542404174805,0.01081383228302002,0.006937921047210693,0.007908999919891357,0.006334245204925537
0.008507966995239258,0.004552066326141357,0.007119953632354736,0.009607493877410889,0.003057241439819336,0.0043936967849731445,0.005253434181213379,0.011234939098358154,0.009203672409057617,0.010511279106140137,0.008686840534210205,0.004875659942626953,0.00431668758392334,0.0042809247970581055,0.013808846473693848,0.009836852550506592,0.010521948337554932,0.008389770984649658
0.008507966995239258,0.004552066326141357,0.007119953632354736,0.009607493877410889,0.003057241439819336,0.0043936967849731445,0.005253434181213379,0.011234939098358154,0.009203672409057617,0.010511279106140137,0.008686840534210205,0.004875659942626953,0.00431668758392334,0.0042809247970581055,0.013808846473693848,0.009836852550506592,0.010521948337554932,0.008389770984649658
0.010384202003479004,0.005826234817504883,0.008790671825408936,0.012295842170715332,0.004019618034362793,0.005867302417755127,0.006188809871673584,0.013597548007965088,0.010958313941955566,0.01260232925415039,0.011106908321380615,0.0065427422523498535,0.005185246467590332,0.006056070327758789,0.01643979549407959,0.012362003326416016,0.013789355754852295,0.011098086833953857
0.010384202003479004,0.005826234817504883,0.008790671825408936,0.012295842170715332,0.004019618034362793,0.005867302417755127,0.006188809871673584,0.013597548007965088,0.010958313941955566,0.01260232925415039,0.011106908321380615,0.0065427422523498535,0.005185246467590332,0.006056070327758789,0.01643979549407959,0.012362003326416016,0.013789355754852295,0.011098086833953857
0.012362957000732422,0.006775379180908203,0.010695576667785645,0.015736281871795654,0.005150139331817627,0.007057249546051025,0.0072203874588012695,0.016032099723815918,0.013255059719085693,0.015067815780639648,0.012892186641693115,0.008343517780303955,0.005992889404296875,0.007614254951477051,0.020222127437591553,0.015164494514465332,0.016635417938232422,0.013390660285949707
0.012362957000732422,0.006775379180908203,0.010695576667785645,0.015736281871795654,0.005150139331817627,0.007057249546051025,0.0072203874588012695,0.016032099723815918,0.013255059719085693,0.015067815780639648,0.012892186641693115,0.008343517780303955,0.005992889404296875,0.007614254951477051,0.020222127437591553,0.015164494514465332,0.016635417938232422,0.013390660285949707
0.014444351196289062,0.008366823196411133,0.012461543083190918,0.018372774124145508,0.0059601664543151855,0.008541285991668701,0.008565425872802734,0.019719362258911133,0.015128552913665771,0.017670094966888428,0.01605045795440674,0.010179281234741211,0.006548166275024414,0.009000599384307861,0.024536550045013428,0.018144428730010986,0.02004098892211914,0.015545785427093506
0.016593515872955322,0.01004946231842041,0.014656543731689453,0.021247267723083496,0.006995856761932373,0.010127246379852295,0.00977027416229248,0.02233254909515381,0.01655632257461548,0.020729780197143555,0.01877647638320923,0.011857032775878906,0.008034706115722656,0.010891556739807129,0.02697467803955078,0.02086460590362549,0.023656129837036133,0.018114149570465088
0.016593515872955322,0.01004946231842041,0.014656543731689453,0.021247267723083496,0.006995856761932373,0.010127246379852295,0.00977027416229248,0.02233254909515381,0.01655632257461548,0.020729780197143555,0.01877647638320923,0.011857032775878906,0.008034706115722656,0.010891556739807129,0.02697467803955078,0.02086460590362549,0.023656129837036133,0.018114149570465088
0.018585801124572754,0.011492609977722168,0.01704251766204834,0.024519383907318115,0.007658958435058594,0.011966168880462646,0.011105179786682129,0.025631427764892578,0.018958330154418945,0.02360057830810547,0.02181077003479004,0.013748526573181152,0.009281039237976074,0.013499021530151367,0.031240522861480713,0.02421855926513672,0.027269601821899414,0.02031993865966797
0.020994484424591064,0.012923359870910645,0.019230961799621582,0.02683103084564209,0.008884668350219727,0.014367222785949707,0.01281040906906128,0.028653740882873535,0.02147066593170166,0.027189671993255615,0.024491846561431885,0.015858232975006104,0.010854482650756836,0.015267431735992432,0.03494918346405029,0.027012109756469727,0.031397879123687744,0.02265995740890503
0.020994484424591064,0.012923359870910645,0.019230961799621582,0.02683103084564209,0.008884668350219727,0.014367222785949707,0.01281040906906128,0.028653740882873535,0.02147066593170166,0.027189671993255615,0.024491846561431885,0.015858232975006104,0.010854482650756836,0.015267431735992432,0.03494918346405029,0.027012109756469727,0.031397879123687744,0.02265995740890503
0.023153066635131836,0.014993488788604736,0.021596908569335938,0.02900826930999756,0.010381937026977539,0.01622927188873291,0.014325499534606934,0.031847476959228516,0.024684906005859375,0.030080020427703857,0.027298808097839355,0.018155694007873535,0.012437820434570312,0.017209529876708984,0.038701772689819336,0.03092169761657715,0.03539222478866577,0.02430129051208496
0.0257379412651062,0.017255425453186035,0.02420175075531006,0.031676650047302246,0.011584877967834473,0.01837211847305298,0.01586514711380005,0.035260558128356934,0.02740377187728882,0.03298288583755493,0.030531227588653564,0.02047961950302124,0.014216482639312744,0.019421041011810303,0.04217267036437988,0.03472483158111572,0.03901463747024536,0.025876641273498535
0.0257379412651062,0.017255425453186035,0.02420175075531006,0.031676650047302246,0.011584877967834473,0.01837211847305298,0.01586514711380005,0.035260558128356934,0.02740377187728882,0.03298288583755493,0.030531227588653564,0.02047961950302124,0.014216482639312744,0.019421041011810303,0.04217267036437988,0.03472483158111572,0.03901463747024536,0.025876641273498535
0.028787732124328613,0.01972055435180664,0.027060329914093018,0.0348360538482666,0.013261377811431885,0.020868420600891113,0.01764702796936035,0.03854602575302124,0.03171086311340332,0.03662467002868652,0.03256642818450928,0.022532105445861816,0.015831947326660156,0.021457314491271973,0.04672110080718994,0.03836071491241455,0.04306226968765259,0.02826392650604248
0.031326353549957275,0.022036850452423096,0.029843568801879883,0.03770101070404053,0.014953017234802246,0.02306973934173584,0.019778013229370117,0.0416906476020813,0.034999966621398926,0.03999745845794678,0.03534442186355591,0.02442789077758789,0.017972111701965332,0.02409982681274414,0.05108046531677246,0.042309463024139404,0.04722863435745239,0.03174126148223877
0.034388065338134766,0.02402937412261963,0.03283858299255371,0.04040604829788208,0.017290115356445312,0.02542191743850708,0.022282898426055908,0.04522895812988281,0.03919374942779541,0.04356968402862549,0.038311779499053955,0.026456236839294434,0.020212888717651367,0.026948094367980957,0.05389297008514404,0.04619365930557251,0.05124419927597046,0.035627007484436035
0.034388065338134766,0.02402937412261963,0.03283858299255371,0.04040604829788208,0.017290115356445312,0.02542191743850708,0.022282898426055908,0.04522895812988281,0.03919374942779541,0.04356968402862549,0.038311779499053955,0.026456236839294434,0.020212888717651367,0.026948094367980957,0.05389297008514404,0.04619365930557251,0.05124419927597046,0.035627007484436035
0.037430763244628906,0.02563077211380005,0.03580588102340698,0.04350250959396362,0.019214868545532227,0.027592062950134277,0.024043142795562744,0.04893755912780762,0.04262745380401611,0.04710805416107178,0.04097467660903931,0.02864086627960205,0.02236616611480713,0.029751956462860107,0.05834197998046875,0.04950016736984253,0.05566126108169556,0.038478851318359375
0.040690064430236816,0.02767568826675415,0.03977954387664795,0.04642850160598755,0.022554755210876465,0.030305206775665283,0.0262414813041687,0.05264705419540405,0.047792911529541016,0.050523221492767334,0.04417228698730469,0.03122580051422119,0.02431201934814453,0.0326119065284729,0.06236839294433594,0.05328929424285889,0.05960315465927124,0.04214680194854736
0.04402357339859009,0.02974599599838257,0.04366999864578247,0.04949098825454712,0.026511192321777344,0.03243517875671387,0.02826511859893799,0.055770814418792725,0.0522117018699646,0.05489397048950195,0.04756367206573486,0.03422284126281738,0.026349544525146484,0.035050272941589355,0.06732839345932007,0.05628371238708496,0.06421166658401489,0.04450482130050659
0.046935319900512695,0.03192657232284546,0.04670751094818115,0.052803874015808105,0.028804361820220947,0.035448551177978516,0.031002163887023926,0.05934762954711914,0.05547797679901123,0.05846202373504639,0.050105154514312744,0.03681427240371704,0.02840244770050049,0.03758305311203003,0.07182955741882324,0.05921030044555664,0.06816458702087402,0.04800546169281006
0.046935319900512695,0.03192657232284546,0.04670751094818115,0.052803874015808105,0.028804361820220947,0.035448551177978516,0.031002163887023926,0.05934762954711914,0.05547797679901123,0.05846202373504639,0.050105154514312744,0.03681427240371704,0.02840244770050049,0.03758305311203003,0.07182955741882324,0.05921030044555664,0.06816458702087402,0.04800546169281006
0.05036497116088867,0.034497201442718506,0.050387442111968994,0.055739760398864746,0.03126263618469238,0.03803873062133789,0.03354060649871826,0.0627632737159729,0.05939197540283203,0.0626993179321289,0.054041922092437744,0.039304256439208984,0.03047245740890503,0.039873480796813965,0.07702028751373291,0.0622745156288147,0.07224810123443604,0.05024516582489014
0.05321180820465088,0.037646591663360596,0.05485653877258301,0.05895090103149414,0.037773072719573975,0.041794776916503906,0.036863088607788086,0.06643921136856079,0.06530821323394775,0.0666360855102539,0.05691707134246826,0.042125403881073,0.0329592227935791,0.042867064476013184,0.08216410875320435,0.06511223316192627,0.0761222243309021,0.05464041233062744
0.05620694160461426,0.03947556018829346,0.05833423137664795,0.06258928775787354,0.04193735122680664,0.0444951057434082,0.03909885883331299,0.06989073753356934,0.06949400901794434,0.06982499361038208,0.05933791399002075,0.044883787631988525,0.03561532497406006,0.04575204849243164,0.08642023801803589,0.0690649151802063,0.08014237880706787,0.05843073129653931
0.0593874454498291,0.041633427143096924,0.06125378608703613,0.06604272127151489,0.044414222240448,0.04760134220123291,0.04181802272796631,0.07341152429580688,0.07276612520217896,0.07387739419937134,0.06250929832458496,0.047820210456848145,0.03774392604827881,0.04797786474227905,0.09096682071685791,0.07232487201690674,0.0837782621383667,0.06240171194076538
0.0626038908958435,0.04394829273223877,0.06441575288772583,0.06968069076538086,0.047329068183898926,0.051194965839385986,0.04419386386871338,0.07712066173553467,0.07647299766540527,0.07832330465316772,0.06576132774353027,0.050374388694763184,0.040078699588775635,0.05024164915084839,0.09637647867202759,0.07518404722213745,0.08705103397369385,0.06495088338851929
0.0655825138092041,0.04647403955459595,0.06791114807128906,0.07308423519134521,0.050656139850616455,0.05438113212585449,0.04679757356643677,0.08073735237121582,0.0810595154762268,0.08160567283630371,0.06876391172409058,0.05308884382247925,0.04250288009643555,0.05366694927215576,0.1013878583908081,0.07806795835494995,0.09029132127761841,0.06888258457183838
0.06894510984420776,0.048943281173706055,0.07230114936828613,0.07589328289031982,0.057598769664764404,0.05780494213104248,0.050417184829711914,0.08348143100738525,0.0875931978225708,0.08537030220031738,0.07160019874572754,0.05612468719482422,0.04488915205001831,0.05695664882659912,0.10542023181915283,0.08092743158340454,0.09458738565444946,0.07363086938858032
0.06894510984420776,0.048943281173706055,0.07230114936828613,0.07589328289031982,0.057598769664764404,0.05780494213104248,0.050417184829711914,0.08348143100738525,0.0875931978225708,0.08537030220031738,0.07160019874572754,0.05612468719482422,0.04488915205001831,0.05695664882659912,0.10542023181915283,0.08092743158340454,0.09458738565444946,0.07363086938858032
0.07219314575195312,0.051154494285583496,0.07659149169921875,0.07870769500732422,0.06130129098892212,0.0612637996673584,0.05307209491729736,0.08703422546386719,0.09140461683273315,0.08980357646942139,0.07507181167602539,0.058932721614837646,0.0471421480178833,0.059565842151641846,0.11120963096618652,0.08348226547241211,0.09849309921264648,0.07748377323150635
0.07563698291778564,0.05344235897064209,0.07973670959472656,0.08212268352508545,0.06495839357376099,0.06461495161056519,0.0558161735534668,0.09043395519256592,0.09453344345092773,0.09306740760803223,0.07779216766357422,0.06172901391983032,0.04948157072067261,0.06236529350280762,0.11649829149246216,0.08631312847137451,0.10174322128295898,0.08176606893539429
0.07951533794403076,0.05576515197753906,0.08258646726608276,0.08542579412460327,0.06800919771194458,0.06825113296508789,0.05884754657745361,0.09375417232513428,0.09763288497924805,0.09695035219192505,0.08061724901199341,0.0649983286857605,0.05190771818161011,0.06465178728103638,0.12090349197387695,0.0895230770111084,0.10526478290557861,0.0855749249458313
0.08337032794952393,0.05780869722366333,0.08578747510910034,0.08891940116882324,0.0702316164970398,0.07219952344894409,0.06135135889053345,0.09728193283081055,0.10129094123840332,0.1009526252746582,0.08329325914382935,0.06754690408706665,0.05447119474411011,0.06727349758148193,0.12372708320617676,0.0929533839225769,0.10884749889373779,0.08932387828826904
0.08652031421661377,0.06009429693222046,0.08917880058288574,0.09231972694396973,0.0739254355430603,0.07586485147476196,0.06394302845001221,0.10042423009872437,0.10421538352966309,0.10478156805038452,0.08585846424102783,0.07043510675430298,0.05700862407684326,0.07016599178314209,0.12846314907073975,0.09664100408554077,0.11261838674545288,0.09125566482543945
0.09002852439880371,0.06227600574493408,0.092867910861969,0.09548437595367432,0.07800918817520142,0.0795636773109436,0.06637287139892578,0.10322684049606323,0.10754245519638062,0.10865581035614014,0.08850973844528198,0.07325220108032227,0.05928570032119751,0.0734168291091919,0.13250988721847534,0.10070806741714478,0.11604613065719604,0.09527260065078735
0.0937766432762146,0.06488972902297974,0.09638458490371704,0.0990915298461914,0.082400381565094,0.08383190631866455,0.06931489706039429,0.10577136278152466,0.11139470338821411,0.1127021312713623,0.0914926528930664,0.07666134834289551,0.06187105178833008,0.07649081945419312,0.1372106671333313,0.10295140743255615,0.1195257306098938,0.10048645734786987
0.0937766432762146,0.06488972902297974,0.09638458490371704,0.0990915298461914,0.082400381565094,0.08383190631866455,0.06931489706039429,0.10577136278152466,0.11139470338821411,0.1127021312713623,0.0914926528930664,0.07666134834289551,0.06187105178833008,0.07649081945419312,0.1372106671333313,0.10295140743255615,0.1195257306098938,0.10048645734786987
0.09705913066864014,0.06704574823379517,0.0995447039604187,0.1019173264503479,0.0841759443283081,0.08756589889526367,0.07172459363937378,0.10832273960113525,0.11335253715515137,0.11619508266448975,0.09449136257171631,0.08017146587371826,0.0640103816986084,0.07948416471481323,0.14145463705062866,0.1055569052696228,0.1232990026473999,0.10398650169372559
0.10116738080978394,0.07019340991973877,0.10360336303710938,0.10514587163925171,0.08866631984710693,0.09149700403213501,0.0745614767074585,0.11108726263046265,0.11668378114700317,0.11960041522979736,0.09715241193771362,0.08300960063934326,0.06681644916534424,0.08324438333511353,0.14474105834960938,0.10794466733932495,0.1269804835319519,0.1095200777053833
0.10424619913101196,0.07248049974441528,0.10641223192214966,0.10807353258132935,0.09079456329345703,0.09609717130661011,0.07719177007675171,0.11440426111221313,0.119068443775177,0.12295186519622803,0.0998106598854065,0.08555364608764648,0.06947672367095947,0.08683907985687256,0.1483672857284546,0.11061662435531616,0.13026398420333862,0.11159205436706543
0.1077917218208313,0.07496362924575806,0.10969924926757812,0.11145269870758057,0.09471875429153442,0.1002930998802185,0.08048337697982788,0.1168089509010315,0.12206834554672241,0.12652158737182617,0.10263621807098389,0.0889165997505188,0.07153689861297607,0.09007441997528076,0.15240478515625,0.11396390199661255,0.13314104080200195,0.11516416072845459
0.11170226335525513,0.07722997665405273,0.11289381980895996,0.11444640159606934,0.09726279973983765,0.1046636700630188,0.08305883407592773,0.11977225542068481,0.1248089075088501,0.12999409437179565,0.10514020919799805,0.09287881851196289,0.07450306415557861,0.09367722272872925,0.15618032217025757,0.1169387698173523,0.13651037216186523,0.11900210380554199
0.11425673961639404,0.08038276433944702,0.1166006326675415,0.12051403522491455,0.09950774908065796,0.10772627592086792,0.0869818925857544,0.12183117866516113,0.1280187964439392,0.13159245252609253,0.10948604345321655,0.09454065561294556,0.07890647649765015,0.09658801555633545,0.1573769450187683,0.11986881494522095,0.1384042501449585,0.12275207042694092
0.11425673961639404,0.08038276433944702,0.1166006326675415,0.12051403522491455,0.09950774908065796,0.10772627592086792,0.0869818925857544,0.12183117866516113,0.1280187964439392,0.13159245252609253,0.10948604345321655,0.09454065561294556,0.07890647649765015,0.09658801555633545,0.1573769450187683,0.11986881494522095,0.1384042501449585,0.12275207042694092
0.11829733848571777,0.0822906494140625,0.11936604976654053,0.12383520603179932,0.10274660587310791,0.11236691474914551,0.08999824523925781,0.12475311756134033,0.13042324781417847,0.13485652208328247,0.1118883490562439,0.09765702486038208,0.08126986026763916,0.10014784336090088,0.1607043743133545,0.12298345565795898,0.141526460647583,0.1263439655303955
0.12228941917419434,0.08473068475723267,0.12194013595581055,0.12689387798309326,0.10552489757537842,0.11627203226089478,0.09319889545440674,0.12828820943832397,0.13308554887771606,0.13832902908325195,0.11479741334915161,0.10103458166122437,0.08374273777008057,0.10285204648971558,0.16422653198242188,0.12539994716644287,0.14525091648101807,0.1292400360107422
0.1258140206336975,0.08674806356430054,0.12433916330337524,0.13017284870147705,0.10871011018753052,0.12075865268707275,0.09573209285736084,0.13075989484786987,0.13564860820770264,0.141315758228302,0.11788105964660645,0.10429120063781738,0.08641386032104492,0.10550355911254883,0.16703128814697266,0.12836015224456787,0.14887523651123047,0.13209635019302368
0.12984442710876465,0.08925950527191162,0.12707304954528809,0.1328977346420288,0.1113857626914978,0.12537169456481934,0.09857940673828125,0.1330176591873169,0.1378694772720337,0.14473724365234375,0.12096774578094482,0.1076098084449768,0.0889052152633667,0.10823315382003784,0.17041611671447754,0.13080847263336182,0.15210187435150146,0.1350051760673523
0.13349872827529907,0.09184002876281738,0.1296292543411255,0.1360234022140503,0.1132349967956543,0.1291201114654541,0.10133790969848633,0.13524913787841797,0.14023351669311523,0.1481255292892456,0.12347882986068726,0.11070489883422852,0.09173202514648438,0.1110997200012207,0.17548805475234985,0.13271796703338623,0.1560038924217224,0.13800430297851562
0.13349872827529907,0.09184002876281738,0.1296292543411255,0.1360234022140503,0.1132349967956543,0.1291201114654541,0.10133790969848633,0.13524913787841797,0.14023351669311523,0.1481255292892456,0.12347882986068726,0.11070489883422852,0.09173202514648438,0.1110997200012207,0.17548805475234985,0.13271796703338623,0.1560038924217224,0.13800430297851562
0.13747835159301758,0.09383100271224976,0.13234519958496094,0.1388859748840332,0.11550301313400269,0.13341599702835083,0.10388290882110596,0.13865041732788086,0.1424703598022461,0.1515880823135376,0.1256258487701416,0.11360347270965576,0.09367132186889648,0.11426436901092529,0.17936354875564575,0.1351388692855835,0.15980112552642822,0.14203381538391113
0.14156413078308105,0.09631693363189697,0.13545739650726318,0.14230972528457642,0.11844170093536377,0.13788461685180664,0.1064419150352478,0.141365647315979,0.1452297568321228,0.15522170066833496,0.12830662727355957,0.11609160900115967,0.09661513566970825,0.11720782518386841,0.18284684419631958,0.1381819248199463,0.16333073377609253,0.14604955911636353
0.1454181671142578,0.09879797697067261,0.1381763219833374,0.1453533172607422,0.1206744909286499,0.1421477198600769,0.10934150218963623,0.14447927474975586,0.14754194021224976,0.1585119366645813,0.13133472204208374,0.11810892820358276,0.0991973876953125,0.12064266204833984,0.1851462721824646,0.14084851741790771,0.1661297082901001,0.15097492933273315
0.1491031050682068,0.10133421421051025,0.1406571865081787,0.15163713693618774,0.1232151985168457,0.14550840854644775,0.11261045932769775,0.14637064933776855,0.150199294090271,0.16011285781860352,0.13578873872756958,0.12043994665145874,0.1027839183807373,0.12506896257400513,0.18793737888336182,0.14332211017608643,0.16792714595794678,0.15404194593429565
0.1491031050682068,0.10133421421051025,0.1406571865081787,0.15163713693618774,0.1232151985168457,0.14550840854644775,0.11261045932769775,0.14637064933776855,0.150199294090271,0.16011285781860352,0.13578873872756958,0.12043994665145874,0.1027839183807373,0.12506896257400513,0.18793737888336182,0.14332211017608643,0.16792714595794678,0.15404194593429565
0.15336602926254272,0.10383915901184082,0.14297246932983398,0.1546701192855835,0.12499463558197021,0.1495024561882019,0.11508941650390625,0.1491384506225586,0.15245717763900757,0.16360974311828613,0.13856345415115356,0.12373250722885132,0.10492950677871704,0.12797415256500244,0.19162607192993164,0.14625567197799683,0.17122936248779297,0.15798914432525635
0.15716242790222168,0.10592567920684814,0.1453946828842163,0.15774714946746826,0.12688100337982178,0.15402662754058838,0.11785233020782471,0.15187108516693115,0.15433013439178467,0.16798508167266846,0.1410793662071228,0.12618035078048706,0.1070595383644104,0.1311100721359253,0.19412273168563843,0.14814049005508423,0.17467796802520752,0.16042691469192505
0.16095441579818726,0.10843586921691895,0.14733648300170898,0.160874605178833,0.12908869981765747,0.15806281566619873,0.12064850330352783,0.15564370155334473,0.1562809944152832,0.17205703258514404,0.14388775825500488,0.12951576709747314,0.10932713747024536,0.13442254066467285,0.19724231958389282,0.1512196660041809,0.17952841520309448,0.16313183307647705
0.16095441579818726,0.10843586921691895,0.14733648300170898,0.160874605178833,0.12908869981765747,0.15806281566619873,0.12064850330352783,0.15564370155334473,0.1562809944152832,0.17205703258514404,0.14388775825500488,0.12951576709747314,0.10932713747024536,0.13442254066467285,0.19724231958389282,0.1512196660041809,0.17952841520309448,0.16313183307647705
0.16540563106536865,0.11073720455169678,0.15026670694351196,0.1632770299911499,0.13127630949020386,0.16173392534255981,0.12289786338806152,0.15866315364837646,0.15794473886489868,0.1757325530052185,0.14658832550048828,0.13281208276748657,0.11138713359832764,0.13756173849105835,0.20020300149917603,0.15321558713912964,0.1827893853187561,0.16539806127548218
0.16975653171539307,0.11372882127761841,0.15343940258026123,0.16842365264892578,0.13308268785476685,0.16531479358673096,0.1263359785079956,0.16064035892486572,0.16026604175567627,0.17815488576889038,0.1504572629928589,0.13517725467681885,0.11513686180114746,0.14219731092453003,0.20331382751464844,0.1563875675201416,0.1848437786102295,0.16875344514846802
0.17434930801391602,0.11582309007644653,0.1556628942489624,0.17084980010986328,0.1351311206817627,0.16882085800170898,0.12855815887451172,0.16360074281692505,0.16199225187301636,0.1806393265724182,0.15284180641174316,0.13834577798843384,0.11722970008850098,0.14484071731567383,0.2067887783050537,0.15796035528182983,0.18828678131103516,0.17121684551239014
0.17434930801391602,0.11582309007644653,0.1556628942489624,0.17084980010986328,0.1351311206817627,0.16882085800170898,0.12855815887451172,0.16360074281692505,0.16199225187301636,0.1806393265724182,0.15284180641174316,0.13834577798843384,0.11722970008850098,0.14484071731567383,0.2067887783050537,0.15796035528182983,0.18828678131103516,0.17121684551239014
0.1776105761528015,0.11774885654449463,0.15787261724472046,0.17362070083618164,0.13696813583374023,0.17337965965270996,0.13072633743286133,0.16652071475982666,0.16401636600494385,0.1836869716644287,0.15587562322616577,0.1411048173904419,0.11974859237670898,0.14785760641098022,0.20933735370635986,0.16004657745361328,0.19152063131332397,0.17347300052642822
0.18179702758789062,0.11959129571914673,0.16066473722457886,0.1757216453552246,0.13840532302856445,0.17733967304229736,0.1325473189353943,0.16882699728012085,0.16541171073913574,0.1871311068534851,0.15793734788894653,0.14465457201004028,0.12170290946960449,0.15095102787017822,0.21180367469787598,0.16196441650390625,0.19498705863952637,0.1761852502822876
0.18207085132598877,0.12084907293319702,0.16146403551101685,0.1785888671875,0.13920265436172485,0.17707359790802002,0.13315773010253906,0.16851705312728882,0.16742461919784546,0.18548297882080078,0.1599178910255432,0.14407795667648315,0.12346524000167847,0.1529180407524109,0.211509108543396,0.16284030675888062,0.19305294752120972,0.17694556713104248
0.18566608428955078,0.12267011404037476,0.16461169719696045,0.1813543438911438,0.1408635973930359,0.1810278296470642,0.1356847882270813,0.1704418659210205,0.1689523458480835,0.18835997581481934,0.16245049238204956,0.14707934856414795,0.12533199787139893,0.15570068359375,0.21392804384231567,0.16489583253860474,0.1966034173965454,0.1787869930267334
0.18892133235931396,0.1242532730102539,0.16719144582748413,0.1843022108078003,0.1424187421798706,0.18528491258621216,0.13814449310302734,0.17367738485336304,0.17070692777633667,0.1910889744758606,0.16464203596115112,0.1507413387298584,0.12734782695770264,0.15793311595916748,0.21650004386901855,0.1664057970046997,0.20043134689331055,0.180874764919281
0.18992900848388672,0.12561511993408203,0.1681382656097412,0.1870415210723877,0.14326506853103638,0.18488532304763794,0.13965576887130737,0.17357099056243896,0.17127567529678345,0.18989336490631104,0.16650235652923584,0.1501772403717041,0.12909549474716187,0.15984594821929932,0.21656310558319092,0.1680142879486084,0.19823557138442993,0.18196135759353638
0.19402611255645752,0.12729239463806152,0.1706485152244568,0.18931090831756592,0.1451166272163391,0.18868017196655273,0.14133119583129883,0.17606425285339355,0.1730431318283081,0.1935575008392334,0.16897207498550415,0.15334248542785645,0.13101321458816528,0.16226649284362793,0.21901875734329224,0.1698673963546753,0.20179301500320435,0.18384337425231934
0.19754362106323242,0.12888479232788086,0.1724739670753479,0.19170737266540527,0.1465187668800354,0.19234323501586914,0.1437908411026001,0.1789916753768921,0.17422109842300415,0.19671058654785156,0.17098402976989746,0.15602946281433105,0.13239401578903198,0.16556525230407715,0.2215336561203003,0.17172062397003174,0.20499664545059204,0.1855677366256714
0.19754362106323242,0.12888479232788086,0.1724739670753479,0.19170737266540527,0.1465187668800354,0.19234323501586914,0.1437908411026001,0.1789916753768921,0.17422109842300415,0.19671058654785156,0.17098402976989746,0.15602946281433105,0.13239401578903198,0.16556525230407715,0.2215336561203003,0.17172062397003174,0.20499664545059204,0.1855677366256714
0.2015025019645691,0.13147038221359253,0.17601299285888672,0.19679218530654907,0.1488184928894043,0.19614750146865845,0.14694029092788696,0.1804131269454956,0.17688852548599243,0.19799727201461792,0.1754106879234314,0.15882939100265503,0.1356649398803711,0.16965001821517944,0.2235146164894104,0.17425674200057983,0.20724868774414062,0.18781030178070068
0.20446938276290894,0.13298434019088745,0.17807191610336304,0.199299156665802,0.14997345209121704,0.19990068674087524,0.14893805980682373,0.18348944187164307,0.1786874532699585,0.20133453607559204,0.17745131254196167,0.16206663846969604,0.13736295700073242,0.17155802249908447,0.22588300704956055,0.1757311224937439,0.21010655164718628,0.18966525793075562
0.20446938276290894,0.13298434019088745,0.17807191610336304,0.199299156665802,0.14997345209121704,0.19990068674087524,0.14893805980682373,0.18348944187164307,0.1786874532699585,0.20133453607559204,0.17745131254196167,0.16206663846969604,0.13736295700073242,0.17155802249908447,0.22588300704956055,0.1757311224937439,0.21010655164718628,0.18966525793075562
0.20975840091705322,0.13551455736160278,0.1816578507423401,0.20423996448516846,0.15267306566238403,0.20377230644226074,0.15312868356704712,0.185710608959198,0.18177294731140137,0.20480287075042725,0.18134605884552002,0.16540485620498657,0.1413285732269287,0.17550063133239746,0.22841805219650269,0.1785191297531128,0.21233618259429932,0.19282668828964233
0.21310174465179443,0.13682252168655396,0.18292319774627686,0.20640861988067627,0.1540347933769226,0.2069663405418396,0.15518957376480103,0.18866485357284546,0.18304967880249023,0.20815783739089966,0.18346625566482544,0.16882455348968506,0.14305293560028076,0.17766988277435303,0.23115378618240356,0.18015652894973755,0.21485966444015503,0.1955159306526184
0.21310174465179443,0.13682252168655396,0.18292319774627686,0.20640861988067627,0.1540347933769226,0.2069663405418396,0.15518957376480103,0.18866485357284546,0.18304967880249023,0.20815783739089966,0.18346625566482544,0.16882455348968506,0.14305293560028076,0.17766988277435303,0.23115378618240356,0.18015652894973755,0.21485966444015503,0.1955159306526184
0.21735209226608276,0.13973468542099,0.18649452924728394,0.2108260989189148,0.15581214427947998,0.21079087257385254,0.1578911542892456,0.19131135940551758,0.1857525110244751,0.21090126037597656,0.18738436698913574,0.17208051681518555,0.1464766263961792,0.18153893947601318,0.23337262868881226,0.18278026580810547,0.2176397442817688,0.19799774885177612
0.21735209226608276,0.13973468542099,0.18649452924728394,0.2108260989189148,0.15581214427947998,0.21079087257385254,0.1578911542892456,0.19131135940551758,0.1857525110244751,0.21090126037597656,0.18738436698913574,0.17208051681518555,0.1464766263961792,0.18153893947601318,0.23337262868881226,0.18278026580810547,0.2176397442817688,0.19799774885177612
0.22090834379196167,0.1408466100692749,0.18839961290359497,0.21247786283493042,0.15667998790740967,0.21376574039459229,0.15946632623672485,0.1943688988685608,0.18706846237182617,0.21523517370224,0.1889704465866089,0.17524945735931396,0.1480041742324829,0.18373173475265503,0.23591232299804688,0.18478530645370483,0.2214832901954651,0.20015883445739746
0.22549289464950562,0.1434687376022339,0.1919192671775818,0.2167952060699463,0.1585233211517334,0.21738141775131226,0.16274213790893555,0.19661128520965576,0.19047212600708008,0.2169628143310547,0.19323158264160156,0.17852997779846191,0.15126299858093262,0.18742018938064575,0.2392166256904602,0.18763697147369385,0.2249324917793274,0.20288842916488647
0.22549289464950562,0.1434687376022339,0.1919192671775818,0.2167952060699463,0.1585233211517334,0.21738141775131226,0.16274213790893555,0.19661128520965576,0.19047212600708008,0.2169628143310547,0.19323158264160156,0.17852997779846191,0.15126299858093262,0.18742018938064575,0.2392166256904602,0.18763697147369385,0.2249324917793274,0.20288842916488647
0.2299354076385498,0.14596402645111084,0.1955912709236145,0.22141361236572266,0.16078788042068481,0.2202754020690918,0.16581594944000244,0.20002961158752441,0.19310200214385986,0.22025930881500244,0.1964600682258606,0.1821419596672058,0.15503263473510742,0.19174081087112427,0.24178123474121094,0.18978315591812134,0.22771000862121582,0.20534849166870117
0.2299354076385498,0.14596402645111084,0.1955912709236145,0.22141361236572266,0.16078788042068481,0.2202754020690918,0.16581594944000244,0.20002961158752441,0.19310200214385986,0.22025930881500244,0.1964600682258606,0.1821419596672058,0.15503263473510742,0.19174081087112427,0.24178123474121094,0.18978315591812134,0.22771000862121582,0.20534849166870117
0.23391646146774292,0.14826834201812744,0.19916844367980957,0.22500848770141602,0.16268503665924072,0.22332096099853516,0.16858160495758057,0.20369499921798706,0.1959996223449707,0.2227921485900879,0.19974356889724731,0.18601679801940918,0.15855813026428223,0.19636869430541992,0.24386811256408691,0.19237834215164185,0.230227530002594,0.20799636840820312
0.23610103130340576,0.14936447143554688,0.2004193663597107,0.2269597053527832,0.163507878780365,0.22489005327224731,0.16937875747680664,0.20550477504730225,0.19748806953430176,0.22412079572677612,0.20116358995437622,0.1859477162361145,0.15969014167785645,0.19792324304580688,0.24458271265029907,0.19332802295684814,0.23108315467834473,0.20937597751617432
0.23610103130340576,0.14936447143554688,0.2004193663597107,0.2269597053527832,0.163507878780365,0.22489005327224731,0.16937875747680664,0.20550477504730225,0.19748806953430176,0.22412079572677612,0.20116358995437622,0.1859477162361145,0.15969014167785645,0.19792324304580688,0.24458271265029907,0.19332802295684814,0.23108315467834473,0.20937597751617432
0.24116504192352295,0.15211868286132812,0.2042618989944458,0.2305457592010498,0.16572707891464233,0.2286374568939209,0.17238718271255493,0.20793217420578003,0.1998356580734253,0.22697597742080688,0.2048882246017456,0.1898711919784546,0.1630057692527771,0.20151132345199585,0.24815267324447632,0.19637560844421387,0.23412156105041504,0.21249258518218994
0.24116504192352295,0.15211868286132812,0.2042618989944458,0.2305457592010498,0.16572707891464233,0.2286374568939209,0.17238718271255493,0.20793217420578003,0.1998356580734253,0.22697597742080688,0.2048882246017456,0.1898711919784546,0.1630057692527771,0.20151132345199585,0.24815267324447632,0.19637560844421387,0.23412156105041504,0.21249258518218994
0.2456343173980713,0.15396755933761597,0.20788246393203735,0.23418539762496948,0.1679663062095642,0.23247921466827393,0.17517215013504028,0.2109430432319641,0.20191246271133423,0.22920793294906616,0.20852339267730713,0.1934274435043335,0.1666492223739624,0.2054322361946106,0.2504398226737976,0.19881081581115723,0.2376253604888916,0.21537327766418457
0.2456343173980713,0.15396755933761597,0.20788246393203735,0.23418539762496948,0.1679663062095642,0.23247921466827393,0.17517215013504028,0.2109430432319641,0.20191246271133423,0.22920793294906616,0.20852339267730713,0.1934274435043335,0.1666492223739624,0.2054322361946106,0.2504398226737976,0.19881081581115723,0.2376253604888916,0.21537327766418457
0.2499287724494934,0.15619009733200073,0.2111448049545288,0.23797178268432617,0.17014408111572266,0.23683393001556396,0.17778795957565308,0.21385103464126587,0.20398998260498047,0.23228079080581665,0.21154391765594482,0.1966550350189209,0.17003029584884644,0.2088121771812439,0.25436103343963623,0.20128226280212402,0.24130243062973022,0.21804600954055786
0.2499287724494934,0.15619009733200073,0.2111448049545288,0.23797178268432617,0.17014408111572266,0.23683393001556396,0.17778795957565308,0.21385103464126587,0.20398998260498047,0.23228079080581665,0.21154391765594482,0.1966550350189209,0.17003029584884644,0.2088121771812439,0.25436103343963623,0.20128226280212402,0.24130243062973022,0.21804600954055786
0.254530668258667,0.15826183557510376,0.21476882696151733,0.24105626344680786,0.17198938131332397,0.2400062084197998,0.1801527738571167,0.2167370319366455,0.20649456977844238,0.23575347661972046,0.21488672494888306,0.20013177394866943,0.17312848567962646,0.21333527565002441,0.25709009170532227,0.20371663570404053,0.24422824382781982,0.22052359580993652
0.254530668258667,0.15826183557510376,0.21476882696151733,0.24105626344680786,0.17198938131332397,0.2400062084197998,0.1801527738571167,0.2167370319366455,0.20649456977844238,0.23575347661972046,0.21488672494888306,0.20013177394866943,0.17312848567962646,0.21333527565002441,0.25709009170532227,0.20371663570404053,0.24422824382781982,0.22052359580993652
0.258414626121521,0.1605823040008545,0.21830254793167114,0.2449873685836792,0.17431330680847168,0.24398261308670044,0.18332213163375854,0.21926802396774292,0.20904433727264404,0.23783886432647705,0.21902137994766235,0.20372653007507324,0.176652729511261,0.21694570779800415,0.25919389724731445,0.2060539722442627,0.24836915731430054,0.22292715311050415
0.258414626121521,0.1605823040008545,0.21830254793167114,0.2449873685836792,0.17431330680847168,0.24398261308670044,0.18332213163375854,0.21926802396774292,0.20904433727264404,0.23783886432647705,0.21902137994766235,0.20372653007507324,0.176652729511261,0.21694570779800415,0.25919389724731445,0.2060539722442627,0.24836915731430054,0.22292715311050415
0.2622517943382263,0.16290754079818726,0.22099560499191284,0.24840980768203735,0.17635011672973633,0.24581152200698853,0.18574655055999756,0.22162413597106934,0.21134090423583984,0.24006342887878418,0.2225813865661621,0.2057793140411377,0.17971497774124146,0.22054743766784668,0.2613258361816406,0.2077275514602661,0.2505989074707031,0.22447657585144043
0.2622517943382263,0.16290754079818726,0.22099560499191284,0.24840980768203735,0.17635011672973633,0.24581152200698853,0.18574655055999756,0.22162413597106934,0.21134090423583984,0.24006342887878418,0.2225813865661621,0.2057793140411377,0.17971497774124146,0.22054743766784668,0.2613258361816406,0.2077275514602661,0.2505989074707031,0.22447657585144043
0.2658836841583252,0.1649985909461975,0.22433549165725708,0.2519909739494324,0.1784592866897583,0.2503931522369385,0.18811607360839844,0.22439533472061157,0.21420633792877197,0.2420133352279663,0.22504937648773193,0.20926374197006226,0.182390034198761,0.22417819499969482,0.2634165287017822,0.21009600162506104,0.2533037066459656,0.22662508487701416
0.2679392099380493,0.16604524850845337,0.22583740949630737,0.254230260848999,0.1796383261680603,0.2517387270927429,0.18924903869628906,0.2248295545578003,0.2152959704399109,0.24380362033843994,0.22724497318267822,0.21112173795700073,0.18435680866241455,0.22620946168899536,0.2656064033508301,0.2113918662071228,0.254500150680542,0.22845995426177979
0.26997292041778564,0.16679984331130981,0.22724217176437378,0.2553744316101074,0.18022668361663818,0.25481951236724854,0.19002509117126465,0.22716748714447021,0.21627652645111084,0.2458382248878479,0.22874140739440918,0.2125803828239441,0.1858680248260498,0.2276914119720459,0.26733100414276123,0.21202760934829712,0.2569811940193176,0.22928345203399658
0.2726871967315674,0.16828131675720215,0.2290879487991333,0.2575185298919678,0.18108654022216797,0.2558894753456116,0.191506028175354,0.22884917259216309,0.2171703577041626,0.24739694595336914,0.23016023635864258,0.21428322792053223,0.18773949146270752,0.2295568585395813,0.26811903715133667,0.2132510542869568,0.25744104385375977,0.23067116737365723
0.27417445182800293,0.16942298412322998,0.23055285215377808,0.2588803768157959,0.1819533109664917,0.2590477466583252,0.1926058530807495,0.23171323537826538,0.21806097030639648,0.24969547986984253,0.23158591985702515,0.2158803939819336,0.18936938047409058,0.23072713613510132,0.2699143886566162,0.21354520320892334,0.25904643535614014,0.23111939430236816
0.27614927291870117,0.1712084412574768,0.23228812217712402,0.2613610029220581,0.18295764923095703,0.2585594058036804,0.19398796558380127,0.23089683055877686,0.22007685899734497,0.24936461448669434,0.23421066999435425,0.21594613790512085,0.19131994247436523,0.23305779695510864,0.2705954313278198,0.21467483043670654,0.25953710079193115,0.23284000158309937
0.2801523804664612,0.17319750785827637,0.23597800731658936,0.2647297978401184,0.1849619746208191,0.26289796829223633,0.1960923671722412,0.2345626950263977,0.22256505489349365,0.2532285451889038,0.23705250024795532,0.2191164493560791,0.19439542293548584,0.23555457592010498,0.27402544021606445,0.21631723642349243,0.2640538811683655,0.23526531457901
0.2801523804664612,0.17319750785827637,0.23597800731658936,0.2647297978401184,0.1849619746208191,0.26289796829223633,0.1960923671722412,0.2345626950263977,0.22256505489349365,0.2532285451889038,0.23705250024795532,0.2191164493560791,0.19439542293548584,0.23555457592010498,0.27402544021606445,0.21631723642349243,0.2640538811683655,0.23526531457901
0.2832120656967163,0.17598164081573486,0.23951733112335205,0.26778143644332886,0.1869131326675415,0.2668101191520691,0.19769030809402466,0.2382836937904358,0.22478163242340088,0.2577240467071533,0.23943042755126953,0.2217128872871399,0.1971781849861145,0.23939883708953857,0.2761685252189636,0.21838152408599854,0.26774394512176514,0.23726201057434082
0.2832120656967163,0.17598164081573486,0.23951733112335205,0.26778143644332886,0.1869131326675415,0.2668101191520691,0.19769030809402466,0.2382836937904358,0.22478163242340088,0.2577240467071533,0.23943042755126953,0.2217128872871399,0.1971781849861145,0.23939883708953857,0.2761685252189636,0.21838152408599854,0.26774394512176514,0.23726201057434082
0.2848048210144043,0.17741769552230835,0.24079197645187378,0.26998358964920044,0.18773317337036133,0.2665557861328125,0.1993085741996765,0.23817884922027588,0.22643059492111206,0.257010817527771,0.24153369665145874,0.2235112190246582,0.19928723573684692,0.24103903770446777,0.27858448028564453,0.21931982040405273,0.26830267906188965,0.23894864320755005
0.2883589267730713,0.1799941062927246,0.24421358108520508,0.2729477882385254,0.18976980447769165,0.26983875036239624,0.2015388011932373,0.2422642707824707,0.22861957550048828,0.2609912157058716,0.24478787183761597,0.22781139612197876,0.20279282331466675,0.24366581439971924,0.2809123396873474,0.2211376428604126,0.2724446654319763,0.2414070963859558
0.2883589267730713,0.1799941062927246,0.24421358108520508,0.2729477882385254,0.18976980447769165,0.26983875036239624,0.2015388011932373,0.2422642707824707,0.22861957550048828,0.2609912157058716,0.24478787183761597,0.22781139612197876,0.20279282331466675,0.24366581439971924,0.2809123396873474,0.2211376428604126,0.2724446654319763,0.2414070963859558
0.29154956340789795,0.18189948797225952,0.2474384307861328,0.2756139039993286,0.19151771068572998,0.2734454870223999,0.20310735702514648,0.24568134546279907,0.2305315136909485,0.2667992115020752,0.24706929922103882,0.2315223217010498,0.20624428987503052,0.24642664194107056,0.28239065408706665,0.22348976135253906,0.27739953994750977,0.24492228031158447
0.29154956340789795,0.18189948797225952,0.2474384307861328,0.2756139039993286,0.19151771068572998,0.2734454870223999,0.20310735702514648,0.24568134546279907,0.2305315136909485,0.2667992115020752,0.24706929922103882,0.2315223217010498,0.20624428987503052,0.24642664194107056,0.28239065408706665,0.22348976135253906,0.27739953994750977,0.24492228031158447
0.295199453830719,0.18404370546340942,0.25025850534439087,0.2788790464401245,0.19340568780899048,0.2758897542953491,0.20533716678619385,0.24787193536758423,0.23294460773468018,0.26905542612075806,0.25039124488830566,0.2357773780822754,0.20916694402694702,0.24931573867797852,0.28595221042633057,0.22577381134033203,0.2806432843208313,0.24700939655303955
0.29730671644210815,0.18539577722549438,0.25191640853881836,0.280731737613678,0.19448542594909668,0.2775534391403198,0.2064489722251892,0.24990910291671753,0.23397666215896606,0.27119600772857666,0.2515944242477417,0.23778653144836426,0.21110999584197998,0.2507740259170532,0.28765106201171875,0.22695821523666382,0.28251224756240845,0.2480258345603943
0.2966597080230713,0.18517041206359863,0.2516602873802185,0.2805114984512329,0.19397586584091187,0.2770575284957886,0.20621365308761597,0.24791717529296875,0.23381656408309937,0.2693331241607666,0.25132834911346436,0.2363561987876892,0.21013784408569336,0.25009262561798096,0.2871822118759155,0.2262568473815918,0.2808707356452942,0.24733901023864746
0.29960983991622925,0.18809115886688232,0.25442934036254883,0.28392332792282104,0.19583779573440552,0.2805773615837097,0.20816493034362793,0.25059741735458374,0.23646008968353271,0.27284157276153564,0.2546287178993225,0.24089688062667847,0.21370089054107666,0.2529461979866028,0.2902200222015381,0.22858870029449463,0.2836539149284363,0.24897289276123047
0.29960983991622925,0.18809115886688232,0.25442934036254883,0.28392332792282104,0.19583779573440552,0.2805773615837097,0.20816493034362793,0.25059741735458374,0.23646008968353271,0.27284157276153564,0.2546287178993225,0.24089688062667847,0.21370089054107666,0.2529461979866028,0.2902200222015381,0.22858870029449463,0.2836539149284363,0.24897289276123047
0.30336809158325195,0.19016313552856445,0.2576408386230469,0.2865670919418335,0.19781595468521118,0.2835836410522461,0.21002525091171265,0.2543216347694397,0.2380477786064148,0.27754348516464233,0.2567763924598694,0.24506163597106934,0.21679067611694336,0.25473159551620483,0.2942160367965698,0.23014402389526367,0.2874407172203064,0.25181078910827637
0.30529558658599854,0.19135302305221558,0.2595161199569702,0.2884172201156616,0.19910967350006104,0.28510212898254395,0.21091866493225098,0.25582921504974365,0.23897826671600342,0.2799953818321228,0.2578998804092407,0.2475312352180481,0.21842962503433228,0.2564868927001953,0.2954874038696289,0.23199504613876343,0.2892863154411316,0.2531055808067322
0.3060041666030884,0.19226151704788208,0.25922155380249023,0.2892032861709595,0.19912737607955933,0.2853424549102783,0.21107780933380127,0.25510984659194946,0.23940730094909668,0.2794730067253113,0.25863462686538696,0.24772614240646362,0.2191290259361267,0.2568061351776123,0.29506152868270874,0.23220252990722656,0.2886112332344055,0.25312167406082153
0.30888622999191284,0.19389194250106812,0.26296401023864746,0.29170912504196167,0.20099109411239624,0.2881620526313782,0.21299421787261963,0.25789129734039307,0.24100667238235474,0.28373271226882935,0.26047903299331665,0.2514532804489136,0.22197961807250977,0.25921928882598877,0.2988089919090271,0.23471349477767944,0.2924662232398987,0.25558704137802124
0.31077659130096436,0.19528734683990479,0.26487278938293457,0.2933076024055481,0.2020268440246582,0.2900105118751526,0.2137889862060547,0.2599446177482605,0.24213886260986328,0.285997211933136,0.2613527178764343,0.2532801628112793,0.2237628698348999,0.26056861877441406,0.30042433738708496,0.2363816499710083,0.2936856746673584,0.2568434476852417
0.3123984932899475,0.19695258140563965,0.26631784439086914,0.29513972997665405,0.2027527093887329,0.29123151302337646,0.21496742963790894,0.2596861720085144,0.24296993017196655,0.28781944513320923,0.2626160979270935,0.2552138566970825,0.2254299521446228,0.26214802265167236,0.3022236227989197,0.23712408542633057,0.2946327328681946,0.2578994035720825
0.3147062659263611,0.19822508096694946,0.2683646082878113,0.2969352602958679,0.2040662169456482,0.29221785068511963,0.21580857038497925,0.2608548402786255,0.24421977996826172,0.29065752029418945,0.26403021812438965,0.2580982446670532,0.22679942846298218,0.26353704929351807,0.30295705795288086,0.23877596855163574,0.29659533500671387,0.25930505990982056
0.31649667024612427,0.20011258125305176,0.27069586515426636,0.298437237739563,0.20520108938217163,0.2938893437385559,0.2169455885887146,0.26216763257980347,0.24518734216690063,0.29327595233917236,0.26506495475769043,0.2605190873146057,0.22834593057632446,0.2650500535964966,0.30447298288345337,0.24014854431152344,0.2975390553474426,0.25997066497802734
0.317824125289917,0.20137399435043335,0.2727382183074951,0.2999457120895386,0.20628058910369873,0.29535382986068726,0.21809887886047363,0.26344460248947144,0.24571484327316284,0.29440557956695557,0.266396164894104,0.2621801495552063,0.23032891750335693,0.2663409113883972,0.3058723211288452,0.24131357669830322,0.29849207401275635,0.2608606815338135
0.31939631700515747,0.20276367664337158,0.27331483364105225,0.3013780117034912,0.20698249340057373,0.29603540897369385,0.2190185785293579,0.2646384835243225,0.24635744094848633,0.2938814163208008,0.26786065101623535,0.2631624937057495,0.231489360332489,0.2673032283782959,0.30660998821258545,0.24193155765533447,0.2988235354423523,0.2616441249847412
0.3216699957847595,0.20458227396011353,0.2751002907752991,0.3036869168281555,0.20861732959747314,0.29789143800735474,0.22125756740570068,0.2656562924385071,0.2475731372833252,0.29545944929122925,0.27045828104019165,0.266990602016449,0.23401963710784912,0.26970261335372925,0.30690646171569824,0.24342316389083862,0.2998889088630676,0.26285362243652344
0.3229061961174011,0.20514261722564697,0.276480495929718,0.30430763959884644,0.20939964056015015,0.2985696792602539,0.22159743309020996,0.26648199558258057,0.24806630611419678,0.29791074991226196,0.27105122804641724,0.2690929174423218,0.2348865270614624,0.27070045471191406,0.3076969385147095,0.24404805898666382,0.3010539412498474,0.2636430263519287
0.324712336063385,0.20590418577194214,0.2784992456436157,0.30588072538375854,0.21080702543258667,0.2999991774559021,0.22300946712493896,0.26826077699661255,0.24889403581619263,0.29907047748565674,0.27231764793395996,0.27268821001052856,0.23655831813812256,0.2718374729156494,0.30868417024612427,0.24527275562286377,0.3026607036590576,0.264670193195343
0.3270549774169922,0.2078322172164917,0.28115564584732056,0.30793440341949463,0.2129439115524292,0.30168336629867554,0.22460651397705078,0.2697874903678894,0.25071752071380615,0.3013622760772705,0.2738831043243408,0.27663958072662354,0.240117609500885,0.27371203899383545,0.3109630346298218,0.2460755705833435,0.30367934703826904,0.26502084732055664
0.3280099034309387,0.20864206552505493,0.28205323219299316,0.3088219165802002,0.21360719203948975,0.3028693199157715,0.2250385284423828,0.27050381898880005,0.25157058238983154,0.3032974600791931,0.2744044065475464,0.2787296175956726,0.24073147773742676,0.27479875087738037,0.3114103674888611,0.24710863828659058,0.30537742376327515,0.26592618227005005
